provider,prefix_bin,n_probes,median_error_km,outlier_count,outlier_rate
DB-IP,8-12,1022,21.692673604766302,115,0.11252446183953033
DB-IP,12-16,2776,45.030542824726105,256,0.09221902017291066
DB-IP,16-20,6229,17.48730937394863,750,0.12040455931931289
DB-IP,20-24,9212,10.295283663351732,1491,0.16185410334346503
IpInfo,8-12,1024,15.913145981789143,128,0.125
IpInfo,12-16,2778,20.443694295420705,331,0.119150467962563
IpInfo,16-20,6230,10.920352830389945,927,0.14879614767255217
IpInfo,20-24,9219,8.161075086356067,1692,0.18353400585746826
MaxMind,8-12,1103,16.559952710277702,143,0.12964641885766093
MaxMind,12-16,2886,33.38537792614576,282,0.09771309771309772
MaxMind,16-20,6457,17.855798420458985,823,0.12745857209230294
MaxMind,20-24,9483,21.695158940256217,1225,0.12917853000105453
Ip2Location,8-12,1103,13.659886888100951,124,0.11242067089755213
Ip2Location,12-16,2886,18.845746075754008,369,0.12785862785862787
Ip2Location,16-20,6460,11.210935991672608,928,0.1436532507739938
Ip2Location,20-24,9514,7.8585406867623515,1700,0.17868404456590287
